{"cameraMode":{"drawMode":0,"name":"Shaded","section":"Shading Mode"},"sceneLighting":true,"audioPlay":false,"sceneViewState":{"showFog":true,"showMaterialUpdate":false,"showSkybox":false,"showFlares":true,"showImageEffects":true,"showParticleSystems":true},"in2DMode":false,"pivot":{"x":-0.45937997102737429,"y":0.42588210105895998,"z":0.336742639541626},"rotation":{"x":-0.017987366765737535,"y":-0.03598639369010925,"z":-0.0006478250725194812,"w":0.999190092086792},"size":1.32794189453125,"orthographic":false}