{"cameraMode":{"drawMode":0,"name":"Shaded","section":"Shading Mode"},"sceneLighting":false,"audioPlay":false,"sceneViewState":{"showFog":true,"showMaterialUpdate":false,"showSkybox":false,"showFlares":true,"showImageEffects":true,"showParticleSystems":true},"in2DMode":false,"pivot":{"x":-0.16459345817565919,"y":1.232776165008545,"z":0.2797304391860962},"rotation":{"x":-0.23129548132419587,"y":0.7686516046524048,"z":-0.41643011569976809,"w":-0.426929771900177},"size":0.831570565700531,"orthographic":false}